<?xml version="1.0" encoding="UTF-8"?>
<model package="minishop2" baseClass="xPDOObject" platform="mysql" defaultEngine="MyISAM" phpdoc-package="minishop2" phpdoc-subpackage="" version="1.1">


	<object class="msCategory" extends="modResource">
		<field key="class_key" dbtype="varchar" precision="100" phptype="string" null="false" default="msCategory" />

		<aggregate alias="OwnProducts" class="msProduct" local="id" foreign="parent" cardinality="many" owner="local" />
		<composite alias="AlienProducts" class="msCategoryMember" local="id" foreign="category_id" cardinality="many" owner="local" />
		<composite alias="CategoryOptions" class="msCategoryOption" local="id" foreign="category_id" cardinality="many" owner="local" />
	</object>


	<object class="msProduct" extends="modResource">
		<field key="class_key" dbtype="varchar" precision="100" phptype="string" null="false" default="msProduct" />

		<aggregate alias="Category" class="msCategory" local="parent" foreign="id" cardinality="one" owner="foreign" />
		<composite alias="Data" class="msProductData" local="id" foreign="id" cardinality="one" owner="local" />
		<composite alias="Categories" class="msCategoryMember" local="id" foreign="product_id" cardinality="many" owner="local" />
		<composite alias="Options" class="msProductOption" local="id" foreign="product_id" cardinality="many" owner="local" />
	</object>


	<object class="msProductData" table="ms2_products" extends="xPDOSimpleObject">
		<field key="article" dbtype="varchar" precision="50" phptype="varchar" null="true" />
		<field key="price" dbtype="decimal" precision="12,2" phptype="float" null="true" default="0" />
		<field key="old_price" dbtype="decimal" precision="12,2" phptype="float" null="true" default="0" />
		<field key="weight" dbtype="decimal" precision="13,3" phptype="float" null="true" default="0" />
		<field key="image" dbtype="varchar" precision="255" phptype="string" null="true" />
		<field key="thumb" dbtype="varchar" precision="255" phptype="string" null="true" />
		<field key="vendor" dbtype="int" precision="10" attributes="unsigned" phptype="integer" null="true" default="0" />
		<field key="made_in" dbtype="varchar" precision="100" phptype="string" null="true" default="" />
		<field key="new" dbtype="tinyint" precision="1" attributes="unsigned" phptype="boolean" null="true" default="0" />
		<field key="popular" dbtype="tinyint" precision="1" attributes="unsigned" phptype="boolean" null="true" default="0" />
		<field key="favorite" dbtype="tinyint" precision="1" attributes="unsigned" phptype="boolean" null="true" default="0" />
		<field key="tags" dbtype="text" phptype="json" null="true" />
		<field key="color" dbtype="text" phptype="json" null="true" />
		<field key="size" dbtype="text" phptype="json" null="true" />
		<field key="source" dbtype="int" precision="10" attributes="unsigned" phptype="integer" null="true" default="1" />

		<index alias="article" name="article" primary="false" unique="false" type="BTREE">
			<column key="article" length="" collation="A" null="false" />
		</index>
		<index alias="price" name="price" primary="false" unique="false" type="BTREE">
			<column key="price" length="" collation="A" null="false" />
		</index>
		<index alias="old_price" name="old_price" primary="false" unique="false" type="BTREE">
			<column key="old_price" length="" collation="A" null="false" />
		</index>
		<index alias="vendor" name="vendor" primary="false" unique="false" type="BTREE">
			<column key="vendor" length="" collation="A" null="false" />
		</index>
		<index alias="new" name="new" primary="false" unique="false" type="BTREE">
			<column key="new" length="" collation="A" null="false" />
		</index>
		<index alias="favorite" name="favorite" primary="false" unique="false" type="BTREE">
			<column key="favorite" length="" collation="A" null="false" />
		</index>
		<index alias="popular" name="popular" primary="false" unique="false" type="BTREE">
			<column key="popular" length="" collation="A" null="false" />
		</index>
		<index alias="made_in" name="made_in" primary="false" unique="false" type="BTREE">
			<column key="made_in" length="" collation="A" null="false" />
		</index>

		<composite alias="Options" class="msProductOption" local="id" foreign="product_id" cardinality="many" owner="local" />
		<composite alias="Files" class="msProductFile" local="id" foreign="product_id" cardinality="many" owner="local" />
		<composite alias="Categories" class="msCategoryMember" local="id" foreign="product_id" cardinality="many" owner="local" />
		<aggregate alias="Product" class="msProduct" local="id" foreign="id" cardinality="one" owner="foreign" />
		<aggregate alias="Vendor" class="msVendor" local="vendor" foreign="id" cardinality="one" owner="foreign" />
	</object>


	<object class="msVendor" table="ms2_vendors" extends="xPDOSimpleObject">
		<field key="name" dbtype="varchar" precision="100" phptype="string" null="false" />
		<field key="resource" dbtype="int" precision="10" attributes="unsigned" phptype="integer" null="true" default="0" />
		<field key="country" dbtype="varchar" precision="100" phptype="string" null="true" />
		<field key="logo" dbtype="varchar" precision="255" phptype="string" null="true" />
		<field key="address" dbtype="text" phptype="string" null="true" />
		<field key="phone" dbtype="varchar" precision="20" phptype="string" null="true" />
		<field key="fax" dbtype="varchar" precision="20" phptype="string" null="true" />
		<field key="email" dbtype="varchar" precision="255" phptype="string" null="true" />
		<field key="description" dbtype="text" phptype="string" null="true" />
		<field key="properties" dbtype="text" phptype="json" null="true" />

		<aggregate alias="Products" class="msProduct" local="id" foreign="vendor" cardinality="many" owner="foreign" />
		<aggregate alias="Resource" class="modResource" local="resource" foreign="id" cardinality="one" owner="local" />
	</object>


	<object class="msCategoryMember" table="ms2_product_categories" extends="xPDOObject">
		<field key="product_id" dbtype="int" precision="10" attributes="unsigned" phptype="integer" null="false" index="pk" />
		<field key="category_id" dbtype="int" precision="10" attributes="unsigned" phptype="integer" null="false" index="pk" />

		<index alias="product" name="product" primary="true" unique="true" type="BTREE" >
			<column key="product_id" length="" collation="A" null="false" />
			<column key="category_id" length="" collation="A" null="false" />
		</index>

		<aggregate alias="Product" class="msProduct" local="product_id" foreign="id" cardinality="one" owner="foreign" />
		<aggregate alias="Category" class="msCategory" local="category_id" foreign="id" cardinality="one" owner="foreign" />
	</object>


	<object class="msProductOption" table="ms2_product_options" extends="xPDOObject">
		<field key="product_id" dbtype="int" precision="10" attributes="unsigned" phptype="integer" null="false" />
		<field key="key" dbtype="varchar" precision="255" phptype="string" null="false" />
		<field key="value" dbtype="text" phptype="string" null="true" default="" />

		<index alias="product" name="product" primary="false" unique="false" type="BTREE" >
			<column key="product_id" length="" collation="A" null="false" />
			<column key="key" length="" collation="A" null="false" />
		</index>

		<aggregate alias="Product" class="msProduct" local="product_id" foreign="id" cardinality="one" owner="foreign" />
        <aggregate alias="Option" class="msOption" local="key" foreign="key" cardinality="one" owner="foreign" />
	</object>


	<object class="msProductFile" table="ms2_product_files" extends="xPDOSimpleObject">
		<field key="product_id" dbtype="int" precision="10" attributes="unsigned" phptype="integer" null="false" />
		<field key="source" dbtype="int" precision="10" attributes="unsigned" phptype="integer" null="true" default="1" />
		<field key="parent" dbtype="int" precision="10" attributes="unsigned" phptype="integer" null="true" default="0" />
		<field key="name" dbtype="varchar" precision="255" phptype="string" null="true" default="" />
		<field key="description" dbtype="text" phptype="string" null="true" />
		<field key="path" dbtype="varchar" precision="255" phptype="string" null="true" default="" />
		<field key="file" dbtype="varchar" precision="255" phptype="string" null="false" />
		<field key="type" dbtype="varchar" precision="50" phptype="string" null="true" />
		<field key="createdon" dbtype="datetime" phptype="datetime" null="true" default="0000-00-00 00:00:00" />
		<field key="createdby" dbtype="int" precision="10" attributes="unsigned" phptype="integer" null="true" default="0" />
		<field key="rank" dbtype="tinyint" precision="1" attributes="unsigned" phptype="integer" null="true" default="0" />
		<field key="url" dbtype="varchar" precision="255" phptype="string" null="true" default="" />
		<field key="properties" dbtype="text" phptype="json" null="true" />
		<field key="hash" dbtype="char" precision="40" phptype="string" null="true" default="" index="index" />

		<index alias="product_id" name="product_id" primary="false" unique="false" type="BTREE" >
			<column key="product_id" length="" collation="A" null="false" />
		</index>
		<index alias="type" name="type" primary="false" unique="false" type="BTREE" >
			<column key="type" length="" collation="A" null="false" />
		</index>
		<index alias="parent" name="parent" primary="false" unique="false" type="BTREE" >
			<column key="parent" length="" collation="A" null="false" />
		</index>
		<index alias="hash" name="hash" primary="false" unique="false" type="BTREE" >
			<column key="hash" length="" collation="A" null="false" />
		</index>

		<composite alias="Children" class="msProductFile" local="id" foreign="parent" cardinality="many" owner="local" />
		<aggregate alias="Parent" class="msProductFile" local="parent" foreign="id" cardinality="one" owner="foreign" />
		<aggregate alias="Product" class="msProduct" local="product_id" foreign="id" cardinality="one" owner="foreign" />
	</object>


	<object class="msDelivery" table="ms2_deliveries" extends="xPDOSimpleObject">
		<field key="name" dbtype="varchar" precision="255" phptype="string" null="false" />
		<field key="description" dbtype="text" phptype="string" null="true" />
		<field key="price" dbtype="varchar" precision="11" phptype="string" null="true" default="0" />
		<field key="weight_price" dbtype="decimal" precision="12,2" phptype="float" null="true" default="0" />
		<field key="distance_price" dbtype="decimal" precision="12,2" phptype="float" null="true" default="0" />
		<field key="logo" dbtype="varchar" precision="255" phptype="string" null="true" />
		<field key="rank" dbtype="tinyint" precision="1" attributes="unsigned" phptype="integer" null="true" default="0" />
		<field key="active" dbtype="tinyint" precision="1" phptype="integer" null="true" default="1" />
		<field key="class" dbtype="varchar" precision="50" phptype="string" null="true" />
		<field key="properties" dbtype="text" phptype="json" null="true" />
		<field key="requires" dbtype="varchar" precision="255" phptype="string" null="true" default="email,receiver" />

		<aggregate alias="Orders" class="msOrder" local="id" foreign="delivery" cardinality="many" owner="local" />
		<aggregate alias="Payments" class="msDeliveryMember" local="id" foreign="delivery_id" cardinality="many" owner="local" />
	</object>


	<object class="msPayment" table="ms2_payments" extends="xPDOSimpleObject">
		<field key="name" dbtype="varchar" precision="255" phptype="string" null="false" />
		<field key="description" dbtype="text" phptype="string" null="true" />
		<field key="price" dbtype="varchar" precision="11" phptype="string" null="true" default="0" />
		<field key="logo" dbtype="varchar" precision="255" phptype="string" null="true" />
		<field key="rank" dbtype="tinyint" precision="1" attributes="unsigned" phptype="integer" null="true" default="0" />
		<field key="active" dbtype="tinyint" precision="1" attributes="unsigned" phptype="integer" null="true" default="1" />
		<field key="class" dbtype="varchar" precision="50" phptype="string" null="true" />
		<field key="properties" dbtype="text" phptype="json" null="true" />

		<aggregate alias="Orders" class="msOrder" local="id" foreign="payment" cardinality="many" owner="local" />
		<aggregate alias="Deliveries" class="msDeliveryMember" local="id" foreign="payment_id" cardinality="many" owner="local" />
	</object>


	<object class="msDeliveryMember" table="ms2_delivery_payments" extends="xPDOObject">
		<field key="delivery_id" dbtype="int" precision="10" attributes="unsigned" phptype="integer" null="false" index="pk" />
		<field key="payment_id" dbtype="int" precision="10" attributes="unsigned" phptype="integer" null="false" index="pk" />

		<index alias="delivery" name="delivery" primary="true" unique="true" type="BTREE" >
			<column key="delivery_id" length="" collation="A" null="false" />
			<column key="payment_id" length="" collation="A" null="false" />
		</index>

		<aggregate alias="Deliveries" class="msDelivery" local="delivery_id" foreign="id" cardinality="one" owner="foreign" />
		<aggregate alias="Orders" class="msPayment" local="payment_id" foreign="id" cardinality="one" owner="foreign" />
	</object>


	<object class="msOrder" table="ms2_orders" extends="xPDOSimpleObject">
		<field key="user_id" dbtype="int" precision="10" attributes="unsigned" phptype="integer" null="false" />
		<field key="createdon" dbtype="datetime" phptype="datetime" null="true" default="0000-00-00 00:00:00" />
		<field key="updatedon" dbtype="datetime" phptype="datetime" null="true" default="0000-00-00 00:00:00" />
		<field key="num" dbtype="varchar" precision="20" phptype="string" null="true" default="" />
		<field key="cost" dbtype="decimal" precision="12,2" phptype="float" null="true" default="0" />
		<field key="cart_cost" dbtype="decimal" precision="12,2" phptype="float" null="true" default="0" />
		<field key="delivery_cost" dbtype="decimal" precision="12,2" phptype="float" null="true" default="0" />
		<field key="weight" dbtype="decimal" precision="13,3" phptype="float" null="true" default="0" />
		<field key="status" dbtype="int" precision="10" attributes="unsigned" phptype="integer" null="true" default="0" />
		<field key="delivery" dbtype="int" precision="10" attributes="unsigned" phptype="integer" null="true" default="0" />
		<field key="payment" dbtype="int" precision="10" attributes="unsigned" phptype="integer" null="true" default="0" />
		<field key="address" dbtype="int" precision="10" attributes="unsigned" phptype="integer" null="true" default="0" />
		<field key="context" dbtype="varchar" precision="100" phptype="string" null="true" default="web" />
		<field key="comment" dbtype="text" phptype="string" null="true" />
		<field key="properties" dbtype="text" phptype="json" null="true" />
		<field key="type" dbtype="tinyint" precision="3" phptype="integer" attributes="unsigned" null="true" default="0" />

		<index alias="user_id" name="user_id" primary="false" unique="false" type="BTREE" >
			<column key="user_id" length="" collation="A" null="false" />
		</index>
		<index alias="status" name="status" primary="false" unique="false" type="BTREE" >
			<column key="status" length="" collation="A" null="false" />
		</index>
		<index alias="type" name="type" primary="false" unique="false" type="BTREE" >
			<column key="type" length="" collation="A" null="false" />
		</index>

		<aggregate alias="User" class="modUser" local="user_id" foreign="id" cardinality="one" owner="foreign" />
		<aggregate alias="UserProfile" class="modUserProfile" local="user_id" foreign="internalKey" owner="foreign" cardinality="one" />
		<aggregate alias="CustomerProfile" class="msCustomerProfile" local="user_id" foreign="id" owner="foreign" cardinality="one" />
		<aggregate alias="Status" class="msOrderStatus" local="status" foreign="id" cardinality="one" owner="foreign" />
		<aggregate alias="Delivery" class="msDelivery" local="delivery" foreign="id" cardinality="one" owner="foreign" />
		<aggregate alias="Payment" class="msPayment" local="payment" foreign="id" cardinality="one" owner="foreign" />
		<aggregate alias="Address" class="msOrderAddress" local="address" foreign="id" cardinality="one" owner="foreign" />
		<composite alias="Products" class="msOrderProduct" local="id" foreign="order_id" cardinality="many" owner="local" />
		<composite alias="Log" class="msOrderLog" local="id" foreign="order_id" cardinality="many" owner="local" />
	</object>


	<object class="msOrderStatus" table="ms2_order_statuses" extends="xPDOSimpleObject">
		<field key="name" dbtype="varchar" precision="100" phptype="string" null="false" />
		<field key="description" dbtype="text" phptype="string" null="true" />
		<field key="color" dbtype="char" precision="6" phptype="string" null="true" default="000000" />
		<field key="email_user" dbtype="tinyint" precision="1" phptype="integer" null="true" default="0" />
		<field key="email_manager" dbtype="tinyint" precision="1" phptype="integer" null="true" default="0" />
		<field key="subject_user" dbtype="varchar" precision="255" phptype="string" null="true" default="" />
		<field key="subject_manager" dbtype="varchar" precision="255" phptype="string" null="true" default="" />
		<field key="body_user" dbtype="int" precision="10" phptype="integer" null="true" default="0" />
		<field key="body_manager" dbtype="int" precision="10" phptype="integer" null="true" default="0" />
		<field key="active" dbtype="tinyint" precision="1" phptype="integer" null="true" default="1" />
		<field key="final" dbtype="tinyint" precision="1" phptype="integer" null="true" default="0" />
		<field key="fixed" dbtype="tinyint" precision="1" phptype="integer" null="true" default="0" />
		<field key="rank" dbtype="tinyint" precision="1" phptype="integer" attributes="unsigned" null="true" default="0" />
		<field key="editable" dbtype="tinyint" precision="1" phptype="integer" null="true" default="1" />

		<index alias="active" name="active" primary="false" unique="false" type="BTREE" >
			<column key="active" length="" collation="A" null="false" />
		</index>

		<aggregate alias="Orders" class="msOrder" local="id" foreign="status" cardinality="many" owner="local" />
	</object>


	<object class="msOrderLog" table="ms2_order_logs" extends="xPDOSimpleObject">
		<field key="user_id" dbtype="int" precision="10" attributes="unsigned" phptype="integer" null="false" default="0" />
		<field key="order_id" dbtype="int" precision="10" attributes="unsigned" phptype="integer" null="false" default="0" />
		<field key="timestamp" dbtype="datetime" phptype="datetime" null="true" default="0000-00-00 00:00:00" />
		<field key="action" dbtype="varchar" precision="100" phptype="string" null="false" default="" />
		<field key="entry" dbtype="varchar" precision="255" phptype="string" null="false" default="0" />
		<field key="ip" dbtype="text" phptype="json" null="false" />

		<index alias="user_id" name="user_id" primary="false" unique="false" type="BTREE" >
			<column key="user_id" length="" collation="A" null="false" />
		</index>
		<index alias="order_id" name="order_id" primary="false" unique="false" type="BTREE" >
			<column key="order_id" length="" collation="A" null="false" />
		</index>

		<aggregate alias="User" class="modUser" local="user_id" foreign="id" owner="foreign" cardinality="one" />
		<aggregate alias="UserProfile" class="modUserProfile" local="user_id" foreign="internalKey" owner="foreign" cardinality="one" />
		<aggregate alias="CustomerProfile" class="msCustomerProfile" local="user_id" foreign="internalKey" owner="foreign" cardinality="one" />
		<aggregate alias="Order" class="msOrder" local="order_id" foreign="id" owner="foreign" cardinality="one" />
	</object>


	<object class="msOrderAddress" table="ms2_order_addresses" extends="xPDOSimpleObject">
		<field key="user_id" dbtype="int" precision="10" attributes="unsigned" phptype="integer" null="false" />
		<field key="createdon" dbtype="datetime" phptype="datetime" null="true" default="0000-00-00 00:00:00" />
		<field key="updatedon" dbtype="datetime" phptype="datetime" null="true" default="0000-00-00 00:00:00" />
		<field key="receiver" dbtype="varchar" precision="255" phptype="string" null="true" />
		<field key="phone" dbtype="varchar" precision="20" phptype="string" null="true" />
		<field key="country" dbtype="varchar" precision="100" phptype="string" null="true" />
		<field key="index" dbtype="varchar" precision="50" phptype="string" null="true" />
		<field key="region" dbtype="varchar" precision="100" phptype="string" null="true" />
		<field key="city" dbtype="varchar" precision="100" phptype="string" null="true" />
		<field key="metro" dbtype="varchar" precision="255" phptype="string" null="true" />
		<field key="street" dbtype="varchar" precision="255" phptype="string" null="true" />
		<field key="building" dbtype="varchar" precision="10" phptype="string" null="true" />
		<field key="room" dbtype="varchar" precision="10" phptype="string" null="true" />
		<field key="comment" dbtype="text" phptype="string" null="true" />
		<field key="properties" dbtype="text" phptype="json" null="true" />

		<index alias="user_id" name="user_id" primary="false" unique="false" type="BTREE" >
			<column key="user_id" length="" collation="A" null="false" />
		</index>

		<aggregate alias="User" class="modUser" local="user_id" foreign="id" owner="foreign" cardinality="one" />
		<aggregate alias="UserProfile" class="modUserProfile" local="user_id" foreign="internalKey" owner="foreign" cardinality="one" />
		<aggregate alias="CustomerProfile" class="msCustomerProfile" local="user_id" foreign="internalKey" owner="foreign" cardinality="one" />
	</object>


	<object class="msOrderProduct" table="ms2_order_products" extends="xPDOSimpleObject">
		<field key="product_id" dbtype="int" precision="10" phptype="integer" attributes="unsigned" null="false" />
		<field key="order_id" dbtype="int" precision="10" phptype="integer" attributes="unsigned" null="false" />
		<field key="name" dbtype="varchar" precision="255" phptype="string" null="true" />
		<field key="count" dbtype="int" precision="10" phptype="integer" attributes="unsigned" null="true" default="1" />
		<field key="price" dbtype="decimal" precision="12,2" phptype="float" null="true" default="0" />
		<field key="weight" dbtype="decimal" precision="13,3" phptype="float" null="true" default="0" />
		<field key="cost" dbtype="decimal" precision="12,2" phptype="float" null="true" default="0" />
		<field key="options" dbtype="text" phptype="json" null="true" />

		<index alias="product_id" name="product_id" primary="false" unique="false" type="BTREE" >
			<column key="product_id" length="" collation="A" null="false" />
		</index>
		<index alias="order_id" name="order_id" primary="false" unique="false" type="BTREE" >
			<column key="order_id" length="" collation="A" null="false" />
		</index>

		<aggregate alias="Product" class="msProduct" local="product_id" foreign="id" owner="foreign" cardinality="one" />
		<aggregate alias="Order" class="msOrder" local="order_id" foreign="id" owner="foreign" cardinality="one" />
	</object>


	<object class="msLink" table="ms2_links" extends="xPDOSimpleObject">
		<field key="type" dbtype="varchar" precision="100" phptype="string" null="false" />
		<field key="name" dbtype="varchar" precision="255" phptype="string" null="false" />
		<field key="description" dbtype="text" phptype="string" null="true" />

		<index alias="type" name="type" primary="false" unique="false" type="BTREE" >
			<column key="type" length="" collation="A" null="false" />
		</index>

		<composite alias="Links" class="msProductLink" local="id" foreign="link" owner="local" cardinality="many" />
	</object>


	<object class="msProductLink" table="ms2_product_links" extends="xPDOObject">
		<field key="link" dbtype="int" precision="10" phptype="integer" attributes="unsigned" null="false" index="pk" />
		<field key="master" dbtype="int" precision="10" phptype="integer" attributes="unsigned" null="false" index="pk" />
		<field key="slave" dbtype="int" precision="10" phptype="integer" attributes="unsigned" null="false" index="pk" />

		<index alias="link" name="type" primary="true" unique="true" type="BTREE" >
			<column key="link" length="" collation="A" null="false" />
			<column key="master" length="" collation="A" null="false" />
			<column key="slave" length="" collation="A" null="false" />
		</index>

		<aggregate alias="Link" class="msLink" local="link" foreign="id" owner="foreign" cardinality="one" />
		<aggregate alias="Master" class="msProduct" local="master" foreign="id" owner="foreign" cardinality="one" />
		<aggregate alias="Slave" class="msProduct" local="slave" foreign="id" owner="foreign" cardinality="one" />
	</object>


	<object class="msCustomerProfile" table="ms2_customer_profiles" extends="xPDOObject">
		<field key="id" dbtype="int" precision="10" phptype="integer" attributes="unsigned" null="false" index="pk" />
		<field key="account" dbtype="decimal" precision="12,2" phptype="float" null="true" default="0" />
		<field key="spent" dbtype="decimal" precision="12,2" phptype="float" null="true" default="0" />
		<field key="createdon" dbtype="timestamp" phptype="datetime" null="true" default="CURRENT_TIMESTAMP" />
		<field key="referrer_id" dbtype="int" precision="10" phptype="integer" attributes="unsigned" null="true" default="0" index="index" />
		<field key="referrer_code" dbtype="varchar" precision="50" phptype="string" null="true" default="" index="index" />

		<index alias="id" name="id" primary="true" unique="true" type="BTREE">
			<column key="id" length="" collation="A" null="false" />
		</index>
		<index alias="referrer_id" name="referrer_id" primary="false" unique="false" type="BTREE" >
			<column key="referrer_id" length="" collation="A" null="false" />
		</index>
		<index alias="referrer_code" name="referrer_code" primary="false" unique="true" type="BTREE" >
			<column key="referrer_code" length="" collation="A" null="false" />
		</index>
		<index alias="spent" name="spent" primary="false" unique="false" type="BTREE" >
			<column key="spent" length="" collation="A" null="false" />
		</index>

		<aggregate alias="User" class="modUser" local="id" foreign="id" owner="foreign" cardinality="one" />
	</object>

    <object class="msOption" table="ms2_options" extends="xPDOSimpleObject">
		<field key="key" dbtype="varchar" precision="255" phptype="string" null="false" default="" index="index" />
        <field key="caption" dbtype="varchar" precision="255" phptype="string" null="false" default="" index="fulltext"/>
        <field key="description" dbtype="text" phptype="string" null="true" />
        <field key="measure_unit" dbtype="tinytext" phptype="string" null="true" />
        <field key="category" dbtype="int" precision="10" attributes="unsigned" phptype="integer" null="false" />
		<field key="type" dbtype="varchar" precision="255" phptype="string" null="false" default="" index="index" />
        <field key="properties" dbtype="text" phptype="json" null="true" />

		<index alias="key" name="key" primary="false" unique="true" type="BTREE" >
			<column key="key" length="" collation="A" null="false" />
		</index>
        <index alias="caption_ft" name="caption_ft" primary="false" unique="false" type="FULLTEXT">
            <column key="caption" length="" collation="A" null="false" />
        </index>
        <index alias="category" name="category" primary="false" unique="false" type="BTREE" >
            <column key="category" length="" collation="A" null="false" />
        </index>
		<index alias="type" name="key" primary="false" unique="false" type="BTREE" >
			<column key="type" length="" collation="A" null="false" />
		</index>

		<composite alias="OptionCategories" class="msCategoryOption" local="id" foreign="option_id" cardinality="many" owner="local" />
		<composite alias="OptionProducts" class="msProductOption" local="key" foreign="key" cardinality="many" owner="local" />
        <aggregate alias="Category" class="modCategory" local="category" foreign="id" owner="foreign" cardinality="one" />
        <validation>
            <rule field="key" name="invalid" type="preg_match" rule="/^(?!\W+)(?!\d)[a-zA-Z0-9\x2d-\x2f\x7f-\xff-_]+(?!\s)$/" message="ms2_option_err_invalid_key" />
            <rule field="key" name="reserved" type="preg_match" rule="/^(?!(id|type|contentType|pagetitle|longtitle|description|alias|link_attributes|published|pub_date|unpub_date|parent|isfolder|introtext|content|richtext|template|menuindex|searchable|cacheable|createdby|createdon|editedby|editedon|deleted|deletedby|deletedon|publishedon|publishedby|menutitle|donthit|privateweb|privatemgr|content_dispo|hidemenu|class_key|context_key|content_type|uri|uri_override|hide_children_in_tree|show_in_tree|article|price|old_price|weight|image|thumb|vendor|made_in|new|popular|favorite|tags|color|size|source|action)$)/"
                  message="ms2_option_err_reserved_key" />
        </validation>
	</object>

    <object class="msCategoryOption" table="ms2_category_options" extends="xPDOObject">
        <field key="option_id" dbtype="int" precision="10" phptype="integer" null="false" default="" index="pk" />
        <field key="category_id" dbtype="int" precision="10" phptype="integer" null="false" default="" index="pk" />
        <field key="rank" dbtype="int" precision="10" phptype="integer" null="false" default="0" index="index" />
        <field key="active" dbtype="tinyint" precision="1" attributes="unsigned" phptype="boolean" null="false" default="0" index="index" />
        <field key="required" dbtype="tinyint" precision="1" attributes="unsigned" phptype="boolean" null="false" default="0" index="index" />
        <field key="value" dbtype="text" phptype="string" null="false" index="fulltext" />

        <index alias="PRIMARY" name="PRIMARY" primary="true" unique="true" type="BTREE" >
            <column key="option_id" length="" collation="A" null="false" />
            <column key="category_id" length="" collation="A" null="false" />
        </index>

        <index alias="rank" name="rank" primary="false" unique="false" type="BTREE">
            <column key="rank" length="" collation="A" null="false" />
        </index>
        <index alias="active" name="active" primary="false" unique="false" type="BTREE">
            <column key="active" length="" collation="A" null="false" />
        </index>
        <index alias="required" name="required" primary="false" unique="false" type="BTREE">
            <column key="required" length="" collation="A" null="false" />
        </index>
        <index alias="value_ft" name="value_ft" primary="false" unique="false" type="FULLTEXT">
            <column key="value" length="" collation="A" null="false" />
        </index>

        <aggregate alias="Category" class="msCategory" local="category_id" foreign="id" cardinality="one" owner="foreign" />
        <aggregate alias="Option" class="msOption" local="option_id" foreign="id" cardinality="one" owner="foreign" />
    </object>

</model>

